[{"Teams":{"Anakin Skywalker":true},"Name":"Armorer","Robbery":{"Countdown":300.0,"DistanceToNPC":500000.0,"RobRewardPercentage":5.0,"Cooldown":180.0,"PlayerCooldown":600.0,"AlarmVolume":100.0,"AlarmDuration":20.0,"CopsToRob":3.0},"Pos":"[-4985.0312 6662.6689 62.0312]","Usergroups":[],"Model":"models/aussiwozzi/cgi/base/104th_trooper.mdl","Ang":"{0 10.6552 0}","Pose":"idle_all_01","Items":{"rw_sw_valken38x":true,"rw_sw_dc17s":true,"rw_sw_dc15le_o":true,"Dual DC-15s":true,"DC-15SE":true,"DC-17C":true,"rw_sw_dc15a_o":true,"DP-24":true},"Description":"Armory"}]