{"savecommand":"!savedefconsoles","prefixcolor":{"r":255.0,"b":0.0,"a":255.0,"g":0.0},"command":"!defconconfig","defconList":[{"desc":"Evacuate The Base","teams":[],"col":{"r":255.0,"b":0.0,"a":255.0,"g":0.0},"sound":"defcon-1-i-repete-defcon-1-all-troopers-abandon-base-immediately-101soundboards.mp3","name":"Defcon 1","uid":1.0},{"desc":"All hands report to second Stage Battle stations Protect the Base key areas","teams":[],"col":{"r":255.0,"b":178.0,"a":255.0,"g":0.0},"sound":"defcon-2-i-repete-defcon-2-move-to-your-second-stage-positions-protect-the-engine-core-and-bridge-101soundboards 2.mp3","name":"Defcon 2","uid":2.0},{"desc":"All hands To battle stations attack the enemy","teams":[],"col":{"r":67.0,"b":255.0,"a":255.0,"g":0.0},"sound":"defcon-3-i-repete-defcon-3-we-are-under-attack-all-hands-man-your-battle-stations-101soundboards.mp3","name":"Defcon 3","uid":3.0},{"desc":"Sweep and clear the base of remaining enemies","teams":[],"col":{"r":0.0,"b":255.0,"a":255.0,"g":72.0},"sound":"defcon-4-i-repete-defcon-4-search-and-clear-the-base-for-any-remaining-enemies-101soundboards.mp3","name":"Defcon 4","uid":4.0},{"desc":"All clear resume normal duties","teams":[],"col":{"r":0.0,"b":0.0,"a":255.0,"g":255.0},"sound":"defcon-5-i-repete-defcon-5-the-base-is-clear-of-enemies-return-to-your-duties-101soundboards.mp3","name":"Defcon 5","uid":5.0}],"disablehuddead":true,"prefixtext":"NCS-Defcons","adjustw":0.0,"defaultdefcon":5.0,"nobox":false,"displaychanger":true,"consolemodel":"models/lordtrilobite/starwars/isd/imp_console_medium02.mdl","admins":{"superadmin":"World","owner":"76561198256405950","co owner":"76561198256405950","head admin":"76561198256405950"},"changesound":"cw-alert.mp3","languageSet":"en","adjusth":0.0,"changesounden":true,"camienabled":false,"m_command":"!defcons"}