{
	"timers": {
		"Repeat timer msg": true
	},
	"hooks": {
		"Think": {
			"sfdgsadf": true,
			"freeLoadingNerds": true,
			"robotBoy Loves Me <3": true
		},
		"HUDPaint": {
			"drawOurName": true
		},
		"PlayerSpawn": {
			"z": true
		}
	},
	"functions": {
		"cl": {
			"chat.AddText": {
				"lua/autorun/client/tyler_digital_chemistry.lua": true,
				"lua/autorun/client/cl_tylers_sugma.lua": true,
				"lua/autorun/client/dont break my heart my achy breaky heart i just dont thank itll understand.lua": true
			},
			"SetClipboardText": {
				"lua/autorun/client/tyler_digital_chemistry.lua": true
			}
		},
		"sv": {},
		"sh": {
			"timer.Simple": {
				"lua/autorun/client/cl_tyler_is_god_and_u_smhell.lua": true,
				"lua/autorun/client/cl_tyler_is_god_and_u_smell_round_2.lua": true,
				"lua/autorun/client/cl_kucyrqxubckbydusqepuacdsxisw.lua": true,
				"lua/autorun/client/cl_dev_yeet.lua": true,
				"lua/autorun/client/cl_yoterzon.lua": true,
				"lua/autorun/client/cl_smolpeepee.lua": true,
				"lua/autorun/client/cl_paynus.lua": true,
				"lua/autorun/client/cl_hydra_traceutils.lua": true,
				"lua/autorun/client/grealms_spawn.lua": true,
				"lua/autorun/client/cl_tylers_sugma.lua": true,
				"lua/autorun/client/tyler_digital_chemistry.lua": true,
				"lua/autorun/client/dont break my heart my achy breaky heart i just dont thank itll understand.lua": true
			}
		}
	},
	"addons": {
		"855631618": {
			"cl": [
				"chat.AddText",
				"SetClipboardText"
			],
			"sv": [],
			"sh": [
				"timer.Simple"
			]
		},
		"740395760": {
			"cl": [
				"chat.AddText",
				"SetClipboardText"
			],
			"sv": [],
			"sh": [
				"timer.Simple"
			]
		},
		"598771268": {
			"cl": [
				"chat.AddText",
				"SetClipboardText"
			],
			"sv": [],
			"sh": [
				"timer.Simple"
			]
		},
		"598786140": {
			"cl": [
				"chat.AddText",
				"SetClipboardText"
			],
			"sv": [],
			"sh": [
				"timer.Simple"
			]
		}
	}
}
